Country,Country_Code,Region,Population,Area_sq_mi,Pop_Density,Coastline_Ratio,Net_Migration,Infant_Mortality,GDP_per_Capita,Literacy,Phones_per_1000,Arable_Percent,Other_Percent,Climate,Birthrate,Deathrate,Agriculture,Industry,Service
Albania,ALB,"EASTERN EUROPE",3581655,28748,124.6000,46023.0000,-4.9300,21.5200,4500,86.5000,71.2000,44095.0000,74.4900,3.0000,44150.0000,44682.0000,0.2320,0.1880,0.5790
Algeria,DZA,"NORTHERN AFRICA",32930091,2381740,13.8000,0.0400,-0.3900,31.0000,6000,70.0000,78.1000,44621.0000,96.5300,1.0000,17.1400,22372.0000,0.1010,0.6000,0.2980
"American Samoa",ASM,OCEANIA,57794,199,290.4000,58.2900,-20.7100,46631.0000,8000,97.0000,259.5000,10.0000,75.0000,2.0000,22.4600,46447.0000,NULL,NULL,NULL
"American Samoa",ASM,OCEANIA,57794,199,290.4000,58.2900,-20.7100,46631.0000,8000,97.0000,259.5000,10.0000,75.0000,2.0000,22.4600,46447.0000,NULL,NULL,NULL
Andorra,AND,"WESTERN EUROPE",71201,468,152.1000,0.0000,43988.0000,43955.0000,19000,100.0000,497.2000,44593.0000,97.7800,3.0000,26146.0000,45809.0000,NULL,NULL,NULL
Angola,AGO,"SUB-SAHARAN AFRICA",12127071,1246700,9.7000,0.1300,0.0000,191.1900,1900,42.0000,44050.0000,15008.0000,97.3500,NULL,45.1100,43885.0000,0.0960,0.6580,0.2460
Anguilla,AIA,"LATIN AMER. & CARIB",13477,102,132.1000,59.8000,28034.0000,43911.0000,8600,95.0000,460.0000,0.0000,100.0000,2.0000,14.1700,12540.0000,0.0400,0.1800,0.7800
"Antigua & Barbuda",ATG,"LATIN AMER. & CARIB",69108,443,156.0000,34.5400,-6.1500,19.4600,11000,89.0000,549.9000,18.1800,77.2700,2.0000,16.9300,13636.0000,0.0380,0.2200,0.7430
Argentina,ARG,"LATIN AMER. & CARIB",39921833,2766890,14.4000,0.1800,0.6100,15.1800,11200,97.1000,220.4000,11658.0000,87.2100,3.0000,16.7300,20271.0000,0.0950,0.3580,0.5470
Armenia,ARM,"C.W. OF IND. STATES",2976372,29800,99.9000,0.0000,-6.4700,23.2800,3500,98.6000,195.7000,17.5500,80.1500,4.0000,44024.0000,45139.0000,0.2390,0.3430,0.4180
Aruba,ABW,"LATIN AMER. & CARIB",71891,193,372.5000,35.4900,0.0000,32629.0000,28000,97.0000,516.1000,19633.0000,89.4700,2.0000,43901.0000,24990.0000,0.0040,0.3330,0.6630
Australia,AUS,OCEANIA,20264082,7686850,2.6000,0.3400,35855.0000,25294.0000,29000,100.0000,565.5000,20241.0000,93.4100,1.0000,41974.0000,18810.0000,0.0380,0.2620,0.7000
Austria,AUT,"WESTERN EUROPE",8192880,83870,97.7000,0.0000,2.0000,24198.0000,30000,98.0000,452.2000,16.9100,82.2300,3.0000,27242.0000,28004.0000,0.0180,0.3040,0.6780
Azerbaijan,AZE,"C.W. OF IND. STATES",7961619,86600,91.9000,0.0000,-4.9000,81.7400,3400,97.0000,137.1000,19.6300,77.6600,1.0000,20.7400,27638.0000,0.1410,0.4570,0.4020
Bahamas,BHS,"LATIN AMER. & CARIB",303770,13940,21.8000,25.4100,-2.2000,25.2100,16700,95.6000,460.6000,0.8000,98.8000,2.0000,17.5700,43960.0000,0.0300,0.0700,0.9000
Bahrain,BHR,"NEAR EAST",698585,665,1050.5000,24.2100,43952.0000,17.2700,16900,89.1000,281.3000,29983.0000,91.5500,1.0000,44060.0000,41730.0000,0.0050,0.3870,0.6080
Bangladesh,BGD,"ASIA (EX. NEAR EAST)",147365352,144000,1023.4000,0.4000,-0.7100,62.6000,1900,43.1000,43897.0000,62.1100,34.8200,2.0000,44072.0000,46600.0000,0.1990,0.1980,0.6030
Barbados,BRB,"LATIN AMER. & CARIB",279912,431,649.5000,22.5100,-0.3100,43963.0000,15700,97.4000,481.9000,37.2100,60.4600,2.0000,26268.0000,24685.0000,0.0600,0.1600,0.7800
Belarus,BLR,"C.W. OF IND. STATES",10293011,207600,49.6000,0.0000,19756.0000,13.3700,6100,99.6000,319.1000,29.5500,69.8500,4.0000,42675.0000,43875.0000,0.0930,0.3160,0.5910
Belgium,BEL,"WESTERN EUROPE",10379067,30528,340.0000,0.2200,44927.0000,24929.0000,29100,98.0000,462.6000,23.2800,76.3200,3.0000,14154.0000,46661.0000,0.0100,0.2400,0.7490
Belize,BLZ,"LATIN AMER. & CARIB",287730,22966,12.5000,24838.0000,0.0000,25.6900,4900,94.1000,115.7000,31079.0000,95.4400,2.0000,28.8400,26420.0000,0.1420,0.1520,0.6120
Benin,BEN,"SUB-SAHARAN AFRICA",7862944,112620,69.8000,0.1100,0.0000,85.0000,1100,40.9000,44021.0000,44061.0000,79.5200,2.0000,38.8500,44896.0000,0.3160,0.1380,0.5460
Bermuda,BMU,"NORTHERN AMERICA",65773,53,1241.0000,194.3400,17930.0000,19572.0000,36000,98.0000,851.4000,20.0000,80.0000,2.0000,43932.0000,27211.0000,0.0100,0.1000,0.8900
Bhutan,BTN,"ASIA (EX. NEAR EAST)",2279723,47000,48.5000,0.0000,0.0000,100.4400,1300,42.2000,43904.0000,44077.0000,96.4800,2.0000,33.6500,44024.0000,0.2580,0.3790,0.3630
Bolivia,BOL,"LATIN AMER. & CARIB",8989046,1098580,8.2000,0.0000,-1.3200,53.1100,2400,87.2000,71.9000,24504.0000,97.1400,1.0000,43913.0000,19541.0000,0.1280,0.3520,0.5200
"Bosnia & Herzegovina",BIH,"EASTERN EUROPE",4498976,51129,88.0000,0.0400,0.3100,43972.0000,6100,NULL,215.4000,43995.0000,83.4400,4.0000,28338.0000,46600.0000,0.1420,0.3080,0.5500
Botswana,BWA,"SUB-SAHARAN AFRICA",1639833,600370,2.7000,0.0000,0.0000,54.5800,9000,79.8000,80.5000,0.6500,99.3400,1.0000,44066.0000,43980.0000,0.0240,0.4690,0.5070
Brazil,BRA,"LATIN AMER. & CARIB",188078227,8511965,22.1000,0.0900,-0.0300,29.6100,7600,86.4000,225.3000,35217.0000,92.1500,2.0000,16.5600,42887.0000,0.0840,0.4000,0.5160
"British Virgin Is.",VGB,"LATIN AMER. & CARIB",23098,153,151.0000,52.2900,43840.0000,43969.0000,16000,97.8000,506.5000,20.0000,73.3300,2.0000,14.8900,15432.0000,0.0180,0.0620,0.9200
Brunei,BRN,"ASIA (EX. NEAR EAST)",379444,5770,65.8000,28887.0000,21610.0000,22616.0000,18600,93.9000,237.2000,0.5700,98.6700,2.0000,18.7900,16497.0000,0.0360,0.5610,0.4030
Bulgaria,BGR,"EASTERN EUROPE",7385367,110910,66.6000,0.3200,-4.5800,20.5500,7600,98.6000,336.3000,40.0200,58.0600,3.0000,23986.0000,14.2700,0.0930,0.3040,0.6030
"Burkina Faso",BFA,"SUB-SAHARAN AFRICA",13902972,274200,50.7000,0.0000,0.0000,97.5700,1100,44008.0000,7.0000,14.4300,85.3800,2.0000,45.6200,43997.0000,0.3220,0.1960,0.4820
Burma,MMR,"ASIA (EX. NEAR EAST)",47382633,678500,69.8000,0.2800,-1.8000,67.2400,1800,85.3000,43840.0000,15.1900,83.8400,2.0000,17.9100,30560.0000,0.5640,0.0820,0.3530
Burundi,BDI,"SUB-SAHARAN AFRICA",8090068,27830,290.7000,0.0000,-0.0600,69.2900,600,51.6000,43924.0000,35.0500,50.9300,2.0000,42.2200,13.4600,0.4630,0.2030,0.3340
Cambodia,KHM,"ASIA (EX. NEAR EAST)",13881427,181040,76.7000,0.2400,0.0000,71.4800,1900,69.4000,43984.0000,20.9600,78.4300,2.0000,44100.0000,43991.0000,0.3500,0.3000,0.3500
Cameroon,CMR,"SUB-SAHARAN AFRICA",17340702,475440,36.5000,0.0800,0.0000,68.2600,1800,79.0000,44017.0000,29921.0000,84.6100,1.0000,33.8900,13.4700,0.4480,0.1700,0.3820
Canada,CAN,"NORTHERN AMERICA",33098932,9984670,3.3000,43863.0000,35186.0000,27485.0000,29800,97.0000,552.2000,35156.0000,95.0200,NULL,28764.0000,44050.0000,0.0220,0.2940,0.6840
"Cape Verde",CPV,"SUB-SAHARAN AFRICA",420979,4033,104.4000,23.9300,-12.0700,47.7700,1400,76.6000,169.6000,25082.0000,89.8200,3.0000,24.8700,20241.0000,0.1210,0.2190,0.6600
"Cayman Islands",CYM,"LATIN AMER. & CARIB",45436,262,173.4000,61.0700,18.7500,43678.0000,35000,98.0000,836.3000,31107.0000,96.1500,2.0000,27364.0000,32599.0000,0.0140,0.0320,0.9540
"Central African Republic",CAF,"SUB-SAHARAN AFRICA",4303356,622984,6.9000,0.0000,0.0000,91.0000,1100,51.0000,43892.0000,43833.0000,96.7600,2.0000,33.9100,18.6500,0.5500,0.2000,0.2500
Chad,TCD,"SUB-SAHARAN AFRICA",9944201,1284000,7.7000,0.0000,-0.1100,93.8200,1200,47.5000,43891.0000,31444.0000,97.1200,2.0000,45.7300,16.3800,0.3350,0.2590,0.4060
Chile,CHL,"LATIN AMER. & CARIB",16134219,756950,21.3000,0.8500,0.0000,44051.0000,9900,96.2000,213.0000,23774.0000,96.9300,3.0000,15.2300,29707.0000,0.0600,0.4930,0.4470
China,CHN,"ASIA (EX. NEAR EAST)",1313973713,9596960,136.9000,0.1500,-0.4000,24.1800,5000,90.9000,266.7000,43936.0000,83.3500,1.0000,13.2500,35582.0000,0.1250,0.4730,0.4030
Colombia,COL,"LATIN AMER. & CARIB",43593035,1138910,38.3000,0.2800,-0.3100,20.9700,6300,92.5000,176.2000,15373.0000,95.9100,2.0000,20.4800,21306.0000,0.1250,0.3420,0.5330
Comoros,COM,"SUB-SAHARAN AFRICA",690948,2170,318.4000,15.6700,0.0000,74.9300,700,56.5000,43975.0000,35.8700,40.8100,2.0000,36.9300,43869.0000,0.4000,0.0400,0.5600
"Congo, Democratic Republic of the",COD,"SUB-SAHARAN AFRICA",62660551,2345410,26.7000,0.0000,0.0000,94.6900,700,65.5000,0.2000,35096.0000,96.5200,2.0000,43.6900,13.2700,0.5500,0.1100,0.3400
"Congo, Republic of the",COG,"SUB-SAHARAN AFRICA",3702314,342000,10.8000,0.0500,-0.1700,93.8600,700,83.8000,44015.0000,0.5100,99.3600,2.0000,42.5700,34304.0000,0.0620,0.5700,0.3690
"Costa Rica",CRI,"LATIN AMER. & CARIB",4075261,51100,79.8000,19025.0000,0.5100,34943.0000,9100,96.0000,340.7000,15067.0000,89.7100,2.0000,18.3200,13241.0000,0.0880,0.2990,0.6140
"Ivory Coast",CIV,"SUB-SAHARAN AFRICA",17654843,322460,54.8000,0.1600,-0.0700,90.8300,1400,50.9000,43996.0000,27638.0000,76.4100,2.0000,35.1100,14.8400,0.2790,0.1710,0.5500
Croatia,HRV,"EASTERN EUROPE",4494749,56542,79.5000,11963.0000,21186.0000,30834.0000,10600,98.5000,420.4000,44100.0000,71.6500,NULL,22525.0000,17838.0000,0.0700,0.3080,0.6220
Cuba,CUB,"LATIN AMER. & CARIB",11382820,110860,102.7000,13575.0000,-1.5800,12206.0000,2900,97.0000,74.7000,33.0500,59.3500,2.0000,32813.0000,44743.0000,0.0550,0.2610,0.6840
Cyprus,CYP,"NEAR EAST",784301,9250,84.8000,43837.0000,0.4300,43282.0000,19200,97.6000,NULL,29037.0000,87.7700,3.0000,20790.0000,25020.0000,0.0370,0.1980,0.7650
"Czech Republic",CZE,"EASTERN EUROPE",10235455,78866,129.8000,0.0000,0.9700,34029.0000,15700,99.9000,314.3000,39.8000,57.1500,3.0000,43870.0000,21824.0000,0.0340,0.3930,0.5730
Denmark,DNK,"WESTERN EUROPE",5450661,43094,126.5000,16.9700,17564.0000,20546.0000,31100,100.0000,614.6000,54.0200,45.7900,3.0000,41579.0000,13424.0000,0.0180,0.2460,0.7350
Djibouti,DJI,"SUB-SAHARAN AFRICA",486530,23000,21.2000,13516.0000,0.0000,104.1300,1300,67.9000,44065.0000,0.0400,99.9600,1.0000,39.5300,19.3100,0.1790,0.2250,0.5960
Dominica,DMA,"LATIN AMER. & CARIB",68910,754,91.4000,19.6300,-13.8700,14.1500,5400,94.0000,304.8000,24624.0000,73.3300,2.0000,15.2700,26816.0000,0.1770,0.3280,0.4950
"Dominican Republic",DOM,"LATIN AMER. & CARIB",9183984,48730,188.5000,23408.0000,-3.2200,32.3800,6000,84.7000,97.4000,22.6500,67.0200,2.0000,23.2200,26785.0000,0.1120,0.3060,0.5820
"East Timor",TLS,"ASIA (EX. NEAR EAST)",1062777,15007,70.8000,44016.0000,0.0000,47.4100,500,58.6000,NULL,26024.0000,94.6200,2.0000,26.9900,45444.0000,0.0850,0.2310,0.6840
Ecuador,ECU,"LATIN AMER. & CARIB",13547510,283560,47.8000,0.7900,-8.5800,23.6600,3300,92.5000,125.6000,31168.0000,89.2200,2.0000,22.2900,45017.0000,0.0700,0.3120,0.6180
Egypt,EGY,"NORTHERN AFRICA",78887007,1001450,78.8000,0.2400,-0.2200,32.5900,4000,57.7000,131.8000,31809.0000,96.6500,1.0000,22.9400,45047.0000,0.1490,0.3570,0.4930
"El Salvador",SLV,"LATIN AMER. & CARIB",6822378,21040,324.3000,16803.0000,-3.7400,43855.0000,4800,80.2000,142.4000,31.8500,56.0800,2.0000,26.6100,28611.0000,0.0990,0.3020,0.5990
"Equatorial Guinea",GNQ,"SUB-SAHARAN AFRICA",540109,28051,19.3000,43983.0000,0.0000,85.1300,2700,85.7000,43969.0000,23102.0000,91.8000,2.0000,35.5900,43997.0000,0.0300,0.9060,0.0620
Eritrea,ERI,"SUB-SAHARAN AFRICA",4786994,121320,39.5000,30682.0000,0.0000,74.8700,700,58.6000,44081.0000,34790.0000,95.0200,1.0000,34.3300,43991.0000,0.1020,0.2540,0.6430
Estonia,EST,BALTICS,1324333,45226,29.3000,14458.0000,-3.1600,31959.0000,12300,99.8000,333.8000,43937.0000,83.5100,3.0000,43931.0000,13.2500,0.0400,0.2940,0.6660
Ethiopia,ETH,"SUB-SAHARAN AFRICA",74777981,1127127,66.3000,0.0000,0.0000,95.3200,700,42.7000,43869.0000,26207.0000,88.5400,2.0000,37.9800,14.8600,0.4750,0.0990,0.4260
"Faroe Islands",FRO,"WESTERN EUROPE",47246,1399,33.8000,79.8400,14977.0000,45444.0000,22000,NULL,503.8000,41671.0000,97.8600,NULL,43965.0000,44020.0000,0.2700,0.1100,0.6200
Fiji,FJI,OCEANIA,905949,18270,49.6000,43252.0000,-3.1400,22981.0000,5800,93.7000,112.6000,34973.0000,84.4000,2.0000,22.5500,23863.0000,0.0890,0.1350,0.7760
Finland,FIN,"WESTERN EUROPE",5231372,338145,15.5000,0.3700,0.9500,20880.0000,27400,100.0000,405.3000,43647.0000,92.7800,3.0000,16711.0000,31656.0000,0.0280,0.2950,0.6760
France,FRA,"WESTERN EUROPE",60876136,547030,111.3000,0.6300,0.6600,46113.0000,27600,99.0000,586.4000,33.5300,64.4000,4.0000,36465.0000,41883.0000,0.0220,0.2140,0.7640
"French Guiana",GUF,"LATIN AMER. & CARIB",199509,91000,2.2000,0.4200,46539.0000,44024.0000,8300,83.0000,255.6000,0.1400,99.8100,2.0000,20.4600,32234.0000,0.0660,0.1560,0.7780
"French Polynesia",PYF,OCEANIA,274578,4167,65.9000,60.6000,34366.0000,16285.0000,17500,98.0000,194.5000,0.8200,93.7200,2.0000,16.6800,25294.0000,0.0310,0.1900,0.7690
Gabon,GAB,"SUB-SAHARAN AFRICA",1424906,267667,5.3000,0.3300,0.0000,53.6400,5500,63.2000,43948.0000,46023.0000,98.0800,2.0000,36.1600,45992.0000,0.0610,0.5920,0.3480
Gambia,GMB,"SUB-SAHARAN AFRICA",1641564,11300,145.3000,0.7100,20821.0000,72.0200,1700,40.1000,44069.0000,25.0000,74.5000,2.0000,39.3700,45992.0000,0.3080,0.1420,0.5490
"Gaza Strip",PSE,"NEAR EAST",1428757,360,3968.8000,44146.0000,43983.0000,22.9300,600,NULL,244.3000,28.9500,50.0000,3.0000,39.4500,44046.0000,0.0300,0.2830,0.6870
Georgia,GEO,"C.W. OF IND. STATES",4661473,69700,66.9000,0.4400,-4.7000,18.5900,2500,99.0000,146.6000,16377.0000,84.7000,3.0000,15250.0000,45170.0000,0.1720,0.2750,0.5530
Germany,DEU,"WESTERN EUROPE",82422299,357021,230.9000,0.6700,43132.0000,42461.0000,27600,99.0000,667.9000,33.8500,65.5600,3.0000,45870.0000,22920.0000,0.0090,0.2960,0.6950
Ghana,GHA,"SUB-SAHARAN AFRICA",22409572,239460,93.6000,0.2300,-0.6400,51.4300,2200,74.8000,43935.0000,16.2600,74.0700,2.0000,30.5200,26543.0000,0.3660,0.2460,0.3870
Gibraltar,GIB,"WESTERN EUROPE",27928,7,3989.7000,171.4300,0.0000,41395.0000,17500,NULL,877.7000,0.0000,100.0000,NULL,27303.0000,11567.0000,NULL,NULL,NULL
Greece,GRC,"WESTERN EUROPE",10688058,131940,81.0000,13789.0000,12816.0000,19480.0000,20000,97.5000,589.7000,43851.0000,70.1200,3.0000,25082.0000,45566.0000,0.0540,0.2130,0.7330
Greenland,GRL,"NORTHERN AMERICA",56361,2166086,0.0000,43923.0000,-8.3700,15.8200,20000,NULL,448.9000,0.0000,100.0000,1.0000,15.9300,30864.0000,NULL,NULL,NULL
Grenada,GRD,"LATIN AMER. & CARIB",89703,344,260.8000,35.1700,-13.9200,14.6200,5000,98.0000,364.5000,32264.0000,64.7100,2.0000,44065.0000,32295.0000,0.0540,0.1800,0.7660
Guadeloupe,GLP,"LATIN AMER. & CARIB",452776,1780,254.4000,17.1900,-0.1500,43990.0000,8000,90.0000,463.8000,45597.0000,85.2100,2.0000,43966.0000,44080.0000,0.1500,0.1700,0.6800
Guam,GUM,OCEANIA,171019,541,316.1000,43884.0000,0.0000,34486.0000,21000,99.0000,492.0000,44083.0000,74.5500,2.0000,18.7900,17624.0000,NULL,NULL,NULL
Guatemala,GTM,"LATIN AMER. & CARIB",12293545,108890,112.9000,0.3700,-1.6700,35.9300,4100,70.6000,92.1000,20059.0000,82.4300,2.0000,29.8800,43866.0000,0.2270,0.1880,0.5850
Guernsey,GGY,"WESTERN EUROPE",65409,78,838.6000,64.1000,30742.0000,26024.0000,20000,NULL,842.4000,NULL,NULL,3.0000,29799.0000,43840.0000,0.0300,0.1000,0.8700
Guinea,GIN,"SUB-SAHARAN AFRICA",9690222,245857,39.4000,0.1300,-3.0600,90.3700,2100,35.9000,44014.0000,23071.0000,93.7900,2.0000,41.7600,15.4800,0.2370,0.3620,0.4010
Guinea-Bissau,GNB,"SUB-SAHARAN AFRICA",1442029,36120,39.9000,0.9700,-1.5700,107.1700,800,42.4000,43928.0000,24746.0000,80.5100,2.0000,37.2200,16.5300,0.6200,0.1200,0.2600
Guyana,GUY,"LATIN AMER. & CARIB",767245,214970,3.6000,0.2100,-2.0700,33.2600,4000,98.8000,143.5000,16103.0000,97.4100,2.0000,18.2800,46966.0000,0.3700,0.2030,0.4270
Haiti,HTI,"LATIN AMER. & CARIB",8308504,27750,299.4000,14032.0000,-3.4000,73.4500,1600,52.9000,44090.0000,43918.0000,60.0900,2.0000,36.4400,43070.0000,0.2800,0.2000,0.5200
Honduras,HND,"LATIN AMER. & CARIB",7326496,112090,65.4000,0.7300,-1.9900,29.3200,2600,76.2000,67.5000,20333.0000,87.2300,2.0000,28.2400,46874.0000,0.1390,0.3120,0.5490
"Hong Kong",HKG,"ASIA (EX. NEAR EAST)",6940432,1092,6355.7000,67.1200,45413.0000,35462.0000,28800,93.5000,546.7000,43956.0000,93.9400,2.0000,47300.0000,47270.0000,0.0010,0.0920,0.9060
Hungary,HUN,"EASTERN EUROPE",9981334,93030,107.3000,0.0000,0.8600,21033.0000,13900,99.4000,336.2000,50.0900,47.8500,3.0000,26543.0000,44148.0000,0.0370,0.3120,0.6510
Iceland,ISL,"WESTERN EUROPE",299388,103000,2.9000,30407.0000,13912.0000,11383.0000,30900,99.9000,647.7000,0.0700,99.9300,3.0000,13.6400,26451.0000,0.0860,0.1500,0.7650
India,IND,"ASIA (EX. NEAR EAST)",1095351995,3287590,333.2000,0.2100,-0.0700,56.2900,2900,59.5000,45.4000,54.4000,42.8600,2.0000,43852.0000,43313.0000,0.1860,0.2760,0.5380
Indonesia,IDN,"ASIA (EX. NEAR EAST)",245452739,1919440,127.9000,31079.0000,0.0000,35.6000,3200,87.9000,52.0000,11994.0000,81.4500,2.0000,20.3400,45809.0000,0.1340,0.4580,0.4080
Iran,IRN,"ASIA (EX. NEAR EAST)",68688433,1648000,41.7000,0.1500,-0.8400,41.5800,7000,79.4000,276.4000,26512.0000,89.8900,1.0000,17.0000,20210.0000,0.1160,0.4240,0.4600
Iraq,IRQ,"NEAR EAST",26783383,437072,61.3000,0.0100,0.0000,50.2500,1500,40.4000,38.6000,13.1500,86.0700,1.0000,31.9800,13636.0000,0.0730,0.6660,0.2610
Ireland,IRL,"WESTERN EUROPE",4062235,70280,57.8000,43984.0000,36251.0000,14366.0000,29600,98.0000,500.5000,43876.0000,84.7700,3.0000,14.4500,30133.0000,0.0500,0.4600,0.4900
"Isle of Man",IMN,"WESTERN EUROPE",75441,572,131.9000,27.9700,13271.0000,34090.0000,21000,NULL,676.0000,9.0000,91.0000,3.0000,43962.0000,43770.0000,0.0100,0.1300,0.8600
Israel,ISR,"NEAR EAST",6352117,20770,305.8000,11324.0000,0.6800,43897.0000,19800,95.4000,462.3000,16.3900,79.4400,3.0000,17.9700,43252.0000,0.0260,0.3170,0.6570
Italy,ITA,"WESTERN EUROPE",58133509,301230,193.0000,19025.0000,44014.0000,34455.0000,26700,98.6000,430.9000,27.7900,62.6800,NULL,26512.0000,43931.0000,0.0210,0.2910,0.6880
Jamaica,JAM,"LATIN AMER. & CARIB",2758124,10991,250.9000,43899.0000,-4.9200,13485.0000,3900,87.9000,124.0000,44028.0000,73.7700,2.0000,20.8200,19146.0000,0.0490,0.3370,0.6150
Japan,JPN,"ASIA (EX. NEAR EAST)",127463611,377835,337.4000,31959.0000,0.0000,46082.0000,28200,99.0000,461.2000,43800.0000,86.8500,3.0000,13759.0000,42614.0000,0.0170,0.2580,0.7250
Jersey,JEY,"WESTERN EUROPE",91084,116,785.2000,60.3400,27791.0000,45413.0000,24800,NULL,811.3000,0.0000,100.0000,3.0000,43899.0000,46997.0000,0.0500,0.0200,0.9300
Jordan,JOR,"NEAR EAST",5906760,92300,64.0000,0.0300,21702.0000,17.3500,4300,91.3000,104.5000,24504.0000,95.5000,1.0000,21.2500,23774.0000,0.0330,0.2870,0.6800
Kazakhstan,KAZ,"C.W. OF IND. STATES",15233244,2717300,5.6000,0.0000,-3.3500,29.2100,6300,98.4000,164.1000,35977.0000,91.9700,4.0000,16.0000,15585.0000,0.0670,0.3860,0.5470
Kenya,KEN,"SUB-SAHARAN AFRICA",34707817,582650,59.6000,0.0900,-0.1000,61.4700,1000,85.1000,43838.0000,44051.0000,90.9400,1.0000,39.7200,43875.0000,0.1630,0.1880,0.6510
Kiribati,KIR,OCEANIA,105432,811,130.0000,140.9400,0.0000,48.5200,800,NULL,42.7000,27061.0000,46.5800,2.0000,30.6500,46235.0000,0.0890,0.2420,0.6680
"North Korea",PRK,"ASIA (EX. NEAR EAST)",23113019,120540,191.8000,44014.0000,0.0000,43945.0000,1300,99.0000,42.4000,20.7600,76.7500,3.0000,15.5400,41456.0000,0.3000,0.3400,0.3600
"South Korea",KOR,"ASIA (EX. NEAR EAST)",48846823,98480,496.0000,16469.0000,0.0000,43958.0000,17800,97.9000,486.1000,17.1800,80.8700,3.0000,10.0000,31168.0000,0.0330,0.4030,0.5630
Kuwait,KWT,"NEAR EAST",2418393,17820,135.7000,44045.0000,14.1800,34943.0000,19000,83.5000,211.0000,0.7300,99.1600,1.0000,21.9400,15008.0000,0.0040,0.4790,0.5160
Kyrgyzstan,KGZ,"C.W. OF IND. STATES",5213898,198500,26.3000,0.0000,-2.4500,35.6400,1600,97.0000,84.0000,43897.0000,92.3500,2.0000,44065.0000,44050.0000,0.3530,0.2080,0.4390
Laos,LAO,"ASIA (EX. NEAR EAST)",6368481,236800,26.9000,0.0000,0.0000,85.2200,1700,66.4000,43844.0000,44046.0000,95.8500,2.0000,35.4900,20394.0000,0.4550,0.2870,0.2580
Latvia,LVA,BALTICS,2274735,64589,35.2000,0.8200,-2.2300,20333.0000,10200,99.8000,321.4000,29.6700,69.8600,3.0000,45536.0000,13.6600,0.0400,0.2610,0.6990
Lebanon,LBN,"NEAR EAST",3874050,10400,372.5000,42401.0000,0.0000,24.5200,4800,87.4000,255.6000,16.6200,69.4000,NULL,18.5200,44348.0000,0.1200,0.2100,0.6700
Lesotho,LSO,"SUB-SAHARAN AFRICA",2022331,30355,66.6000,0.0000,-0.7400,84.2300,3000,84.8000,44035.0000,32051.0000,89.0000,3.0000,24.7500,28.7100,0.1630,0.4430,0.3940
Liberia,LBR,"SUB-SAHARAN AFRICA",3042004,111370,27.3000,0.5200,0.0000,128.8700,1000,57.5000,43892.0000,34759.0000,93.7700,2.0000,44.7700,43853.0000,0.7690,0.0540,0.1770
Libya,LBY,"NORTHERN AFRICA",5900754,1759540,3.4000,0.1000,0.0000,44006.0000,6400,82.6000,127.1000,43891.0000,98.7800,NULL,26.4900,17593.0000,0.0760,0.4990,0.4250
Liechtenstein,LIE,"WESTERN EUROPE",33987,160,212.4000,0.0000,31138.0000,44016.0000,25000,100.0000,585.5000,25.0000,75.0000,4.0000,44470.0000,43282.0000,0.0600,0.3900,0.5500
Lithuania,LTU,BALTICS,3585906,65200,55.0000,0.1400,-0.7100,32660.0000,11400,99.6000,223.4000,45.2200,53.8700,NULL,27607.0000,36069.0000,0.0550,0.3250,0.6200
Luxembourg,LUX,"WESTERN EUROPE",474413,2586,183.5000,0.0000,35643.0000,29677.0000,55100,100.0000,515.4000,23.2800,76.3200,NULL,34639.0000,15189.0000,0.0100,0.1300,0.8600
Macau,MAC,"ASIA (EX. NEAR EAST)",453125,28,16183.0000,146.4300,31503.0000,14336.0000,19400,94.5000,384.9000,0.0000,100.0000,2.0000,17746.0000,17258.0000,0.0010,0.0720,0.9270
"Macedonia FYR",MKD,"EASTERN EUROPE",2050554,25333,80.9000,0.0000,-1.4500,44084.0000,6700,NULL,260.0000,22.2600,75.9300,3.0000,43873.0000,28338.0000,0.1180,0.3190,0.5630
Madagascar,MDG,"SUB-SAHARAN AFRICA",18595469,587040,31.7000,0.8200,0.0000,76.8300,800,68.9000,43985.0000,44017.0000,93.9100,2.0000,41.4100,44146.0000,0.2760,0.1650,0.5590
Malawi,MWI,"SUB-SAHARAN AFRICA",13013926,118480,109.8000,0.0000,0.0000,103.3200,600,62.7000,44081.0000,23.3800,75.1300,2.0000,43.1300,19.3300,0.3420,0.1580,0.4990
Malaysia,MYS,"ASIA (EX. NEAR EAST)",24385858,329750,74.0000,15342.0000,0.0000,44029.0000,9000,88.7000,179.0000,17654.0000,76.9100,2.0000,22.8600,43956.0000,0.0840,0.4800,0.4360
Maldives,MDV,"ASIA (EX. NEAR EAST)",359008,300,1196.7000,214.6700,0.0000,56.5200,3900,97.2000,90.0000,13.3300,70.0000,2.0000,34.8100,43989.0000,0.2000,0.1800,0.6200
Mali,MLI,"SUB-SAHARAN AFRICA",11716829,1240000,9.5000,0.0000,-0.3300,116.7900,900,46.4000,43927.0000,30011.0000,96.1500,2.0000,49.8200,16.8900,0.4500,0.1700,0.3800
Malta,MLT,"WESTERN EUROPE",400214,316,1266.5000,62.2800,44014.0000,32568.0000,17700,92.8000,505.0000,28.1300,68.7400,NULL,44835.0000,43838.0000,0.0300,0.2300,0.7400
"Marshall Islands",MHL,OCEANIA,60422,11854,5.1000,44168.0000,-6.0400,29.4500,1600,93.7000,91.2000,16.6700,44.4400,2.0000,33.0500,28581.0000,0.3170,0.1490,0.5340
Martinique,MTQ,"LATIN AMER. & CARIB",436131,1100,396.5000,31.8200,-0.0500,44081.0000,14400,97.7000,394.4000,14154.0000,80.1900,2.0000,13.7400,17685.0000,0.0600,0.1100,0.8300
Mauritania,MRT,"SUB-SAHARAN AFRICA",3177388,1030700,3.1000,0.0700,0.0000,70.8900,1800,41.7000,44086.0000,0.4800,99.5100,1.0000,40.9900,42705.0000,0.2500,0.2900,0.4600
Mauritius,MUS,"SUB-SAHARAN AFRICA",1240827,2040,608.3000,25051.0000,-0.9000,43905.0000,11400,85.6000,289.3000,49.2600,47.7800,2.0000,15.4300,31564.0000,0.0590,0.2980,0.6430
Mayotte,MYT,"SUB-SAHARAN AFRICA",201234,374,538.1000,49.5200,28642.0000,62.4000,2600,NULL,49.7000,NULL,NULL,2.0000,40.9500,44019.0000,NULL,NULL,NULL
Mexico,MEX,"LATIN AMER. & CARIB",107449525,1972550,54.5000,0.4700,-4.8700,20.9100,9000,92.2000,181.6000,36495.0000,85.7000,1.0000,20.6900,27120.0000,0.0380,0.2590,0.7020
Micronesia,FSM,OCEANIA,108004,702,153.9000,870.6600,-20.9900,30.2100,2000,89.0000,114.8000,26054.0000,48.5800,2.0000,24.6800,27485.0000,0.2890,0.1520,0.5590
Moldova,MDA,"C.W. OF IND. STATES",4466706,33843,132.0000,0.0000,-0.2600,40.4200,1800,99.1000,208.1000,55.3000,33.9100,NULL,44027.0000,23712.0000,0.2130,0.2330,0.5550
Monaco,MCO,"WESTERN EUROPE",32543,2,16271.5000,205.0000,27576.0000,15827.0000,27000,99.0000,1035.6000,0.0000,100.0000,NULL,43709.0000,33573.0000,0.1700,NULL,NULL
Mongolia,MNG,"ASIA (EX. NEAR EAST)",2832224,1564116,1.8000,0.0000,0.0000,53.7900,1800,97.8000,55.1000,0.7700,99.2300,1.0000,21.5900,34851.0000,0.2060,0.2140,0.5800
Montserrat,MSR,"LATIN AMER. & CARIB",9439,102,92.5000,39.2200,0.0000,12966.0000,3400,97.0000,NULL,20.0000,80.0000,2.0000,17.5900,43837.0000,NULL,NULL,NULL
Morocco,MAR,"NORTHERN AFRICA",33241259,446550,74.4000,0.4100,-0.9800,41.6200,4000,51.7000,40.4000,19.6100,78.2200,NULL,21.9800,21306.0000,0.2170,0.3570,0.4260
Mozambique,MOZ,"SUB-SAHARAN AFRICA",19686505,801590,24.6000,0.3100,0.0000,130.7900,1200,47.8000,43954.0000,43835.0000,94.6000,2.0000,35.1800,21.3500,0.2620,0.3480,0.3900
Namibia,NAM,"SUB-SAHARAN AFRICA",2044147,825418,2.5000,0.1900,0.0000,48.9800,7200,84.0000,62.6000,0.9900,99.0100,1.0000,24.3200,18.8600,0.0970,0.3150,0.5880
Nauru,NRU,OCEANIA,13287,21,632.7000,142.8600,0.0000,34943.0000,5000,NULL,143.0000,0.0000,100.0000,2.0000,24.7600,44018.0000,NULL,NULL,NULL
Nepal,NPL,"ASIA (EX. NEAR EAST)",28287147,147181,192.2000,0.0000,0.0000,66.9800,1400,45.2000,44089.0000,21.6800,77.6800,NULL,30.9800,11567.0000,0.3800,0.2100,0.4100
Netherlands,NLD,"WESTERN EUROPE",16491461,41526,397.1000,44075.0000,33270.0000,43926.0000,28600,99.0000,460.8000,26.7100,72.3200,3.0000,44084.0000,25051.0000,0.0210,0.2440,0.7360
"Netherlands Antilles",ANT,"LATIN AMER. & CARIB",221736,960,231.0000,37.9200,-0.4100,43900.0000,11400,96.7000,365.3000,10.0000,90.0000,2.0000,14.7800,16589.0000,0.0100,0.1500,0.8400
"New Caledonia",NCL,OCEANIA,219246,19060,11.5000,30621.0000,0.0000,26481.0000,15000,91.0000,252.2000,0.3800,99.2900,2.0000,44153.0000,25324.0000,0.1500,0.0880,0.7620
"New Zealand",NZL,OCEANIA,4076140,268680,15.2000,23132.0000,43955.0000,31168.0000,21600,99.0000,441.7000,43987.0000,87.4100,3.0000,13.7600,19541.0000,0.0430,0.2730,0.6840
Nicaragua,NIC,"LATIN AMER. & CARIB",5570129,129494,43.0000,0.7000,-1.2200,44164.0000,2300,67.5000,39.7000,15.9400,82.1200,2.0000,24.5100,16528.0000,0.1650,0.2750,0.5600
Niger,NER,"SUB-SAHARAN AFRICA",12525094,1267000,9.9000,0.0000,-0.6700,121.6900,800,43999.0000,44075.0000,19784.0000,96.4500,1.0000,50.7300,20.9100,0.3900,0.1700,0.4400
Nigeria,NGA,"SUB-SAHARAN AFRICA",131859731,923768,142.7000,0.0900,0.2600,98.8000,900,68.0000,43899.0000,31.2900,65.7500,2.0000,40.4300,16.9400,0.2690,0.4870,0.2440
"N. Mariana Islands",MNP,OCEANIA,82459,477,172.9000,310.6900,22525.0000,44142.0000,12500,97.0000,254.7000,43934.0000,82.6100,2.0000,19.4300,47150.0000,NULL,NULL,NULL
Norway,NOR,"WESTERN EUROPE",4610820,323802,14.2000,28307.0000,27030.0000,44015.0000,37800,100.0000,461.7000,31809.0000,97.1300,3.0000,17107.0000,43930.0000,0.0210,0.4150,0.5640
Oman,OMN,"NEAR EAST",3102229,212460,14.6000,0.9800,0.2800,19.5100,13100,75.8000,85.5000,0.0000,99.7400,1.0000,36.2400,29646.0000,0.0270,0.3900,0.5830
Pakistan,PAK,"ASIA (EX. NEAR EAST)",165803560,803940,206.2000,0.1300,-2.7700,72.4400,2100,45.7000,44074.0000,27.8700,71.2600,1.0000,29.7400,45139.0000,0.2160,0.2510,0.5330
Palau,PLW,OCEANIA,20579,458,44.9000,331.6600,31079.0000,14.8400,9000,92.0000,325.6000,44020.0000,86.9500,2.0000,43908.0000,44049.0000,0.0620,0.1200,0.8180
Panama,PAN,"LATIN AMER. & CARIB",3191319,78200,40.8000,43160.0000,-0.9100,20.4700,6300,92.6000,137.9000,13332.0000,90.6600,2.0000,21.7400,13271.0000,0.0680,0.1560,0.7760
"Papua New Guinea",PNG,OCEANIA,5670544,462840,12.3000,44136.0000,0.0000,51.4500,2200,64.6000,44084.0000,0.4600,98.1000,2.0000,29.3600,45839.0000,0.3530,0.3810,0.2660
Paraguay,PRY,"LATIN AMER. & CARIB",6506464,406750,16.0000,0.0000,-0.0800,25.6300,4700,94.0000,49.2000,43989.0000,92.1700,2.0000,43859.0000,17989.0000,0.2240,0.2070,0.5690
Peru,PER,"LATIN AMER. & CARIB",28302603,1285220,22.0000,0.1900,-1.0500,31.9400,5100,90.9000,79.5000,32540.0000,96.7100,2.0000,20.4800,45078.0000,0.0800,0.2700,0.6500
Philippines,PHL,"ASIA (EX. NEAR EAST)",89468677,300000,298.2000,43842.0000,-1.5000,23.5100,4600,92.6000,38.4000,18.9500,64.2800,2.0000,24.8900,15097.0000,0.1440,0.3260,0.5300
Poland,POL,"EASTERN EUROPE",38536869,312685,123.3000,0.1600,-0.4900,18841.0000,11100,99.8000,306.3000,45.9100,52.9700,3.0000,31291.0000,32752.0000,0.0500,0.3110,0.6400
Portugal,PRT,"WESTERN EUROPE",10605870,92391,114.8000,34335.0000,20880.0000,43956.0000,18000,93.3000,399.2000,21.7500,70.4400,3.0000,26573.0000,43961.0000,0.0530,0.2740,0.6730
"Puerto Rico",PRI,"LATIN AMER. & CARIB",3927188,13790,284.8000,23071.0000,-1.4600,45505.0000,16800,94.1000,283.1000,34759.0000,90.5300,2.0000,28460.0000,23924.0000,0.0100,0.4500,0.5400
Qatar,QAT,"NEAR EAST",885359,11437,77.4000,33695.0000,16.2900,18.6100,21500,82.5000,232.0000,23377.0000,98.0900,1.0000,15.5600,26390.0000,0.0020,0.8010,0.1970
Reunion,REU,"SUB-SAHARAN AFRICA",787584,2517,312.9000,44774.0000,0.0000,28672.0000,5800,88.9000,380.9000,43995.0000,85.2000,2.0000,44092.0000,18019.0000,0.0800,0.1900,0.7300
Romania,ROU,"EASTERN EUROPE",22303552,237500,93.9000,0.0900,-0.1300,26.4300,7000,98.4000,196.9000,40.8200,56.9300,3.0000,44022.0000,28430.0000,0.1010,0.3500,0.5490
Russia,RUS,"C.W. OF IND. STATES",142893540,17075200,8.4000,0.2200,43862.0000,15.3900,8900,99.6000,280.6000,12236.0000,92.5600,NULL,34943.0000,14.6500,0.0540,0.3710,0.5750
Rwanda,RWA,"SUB-SAHARAN AFRICA",8648248,26338,328.4000,0.0000,0.0000,91.2300,1300,70.4000,44014.0000,40.5400,47.3000,3.0000,40.3700,44090.0000,0.4010,0.2290,0.3700
"Saint Helena",SHN,"SUB-SAHARAN AFRICA",7502,413,18.2000,14.5300,0.0000,19.0000,2500,97.0000,293.3000,44086.0000,87.1000,NULL,41609.0000,19511.0000,NULL,NULL,NULL
"Saint Kitts & Nevis",KANN,"LATIN AMER. & CARIB",39129,261,149.9000,51.7200,-7.1100,14.4900,8800,97.0000,638.9000,19.4400,77.7800,2.0000,43879.0000,12267.0000,0.0350,0.2580,0.7070
"Saint Lucia",LCA,"LATIN AMER. & CARIB",168458,616,273.5000,25.6500,-2.6700,13.5300,5400,67.0000,303.3000,20607.0000,70.4900,2.0000,19.6800,44048.0000,0.0700,0.2000,0.7300
"St Pierre & Miquelon",SPM,"NORTHERN AMERICA",7026,242,29.0000,49.5900,-4.8600,19906.0000,6900,99.0000,683.2000,43934.0000,86.9600,NULL,13.5200,30468.0000,NULL,NULL,NULL
"Saint Vincent and the Grenadines",VCT,"LATIN AMER. & CARIB",117848,389,303.0000,21.5900,-7.6400,14.7800,2900,96.0000,190.9000,17.9500,64.1000,2.0000,16.1800,35916.0000,0.1000,0.2600,0.6400
Samoa,WSM,OCEANIA,176908,2944,60.1000,13.6900,-11.7000,27.7100,5600,99.7000,75.2000,43882.0000,54.4200,2.0000,16.4300,22798.0000,0.1140,0.5840,0.3020
"San Marino",SMR,"WESTERN EUROPE",29251,61,479.5000,0.0000,36069.0000,26785.0000,34600,96.0000,704.3000,16.6700,83.3300,NULL,43871.0000,42948.0000,NULL,NULL,NULL
"Sao Tome and Principe",STP,"SUB-SAHARAN AFRICA",193413,1001,193.2000,20.8800,-2.7200,43.1100,1200,79.3000,36.2000,45809.0000,44.7900,2.0000,40.2500,17319.0000,0.1670,0.1480,0.6840
"Saudi Arabia",SAU,"NEAR EAST",27019731,1960582,13.8000,0.1300,-2.7100,13.2400,11800,78.8000,140.6000,24473.0000,98.2400,1.0000,29.3400,21217.0000,0.0330,0.6130,0.3540
Senegal,SEN,"SUB-SAHARAN AFRICA",11987121,196190,61.1000,0.2700,0.2000,55.5100,1600,40.2000,43883.0000,28825.0000,87.0100,2.0000,32.7800,15585.0000,0.1720,0.2090,0.6190
Serbia,SRB,"EASTERN EUROPE",9396411,88361,106.3000,0.0000,-1.3300,32843.0000,2200,93.0000,285.8000,33.3500,63.4500,NULL,NULL,NULL,0.1660,0.2550,0.5790
Seychelles,SYC,"SUB-SAHARAN AFRICA",81541,455,179.2000,107.9100,-5.6900,15.5300,7800,58.0000,262.4000,44593.0000,84.4500,2.0000,43906.0000,47270.0000,0.0320,0.3040,0.6650
"Sierra Leone",SLE,"SUB-SAHARAN AFRICA",6005250,71740,83.7000,0.5600,0.0000,143.6400,500,31.4000,4.0000,35947.0000,92.1300,2.0000,45.7600,43913.0000,0.4900,0.3100,0.2100
Singapore,SGP,"ASIA (EX. NEAR EAST)",4492150,693,6482.2000,27.8500,19664.0000,47150.0000,23700,92.5000,411.4000,23377.0000,98.3600,2.0000,12663.0000,46844.0000,0.0000,0.3390,0.6610
Slovakia,SVK,"EASTERN EUROPE",5439448,48845,111.4000,0.0000,0.3000,15158.0000,13300,NULL,220.1000,30.1600,67.2200,3.0000,24016.0000,16681.0000,0.0350,0.2940,0.6720
Slovenia,SVN,"EASTERN EUROPE",2010347,20273,99.2000,0.2300,44166.0000,16528.0000,19000,99.7000,406.1000,43990.0000,89.9100,NULL,36008.0000,11597.0000,0.0280,0.3690,0.6030
"Solomon Islands",SLB,OCEANIA,552438,28450,19.4000,18.6700,0.0000,21.2900,1700,NULL,43934.0000,0.6400,97.3600,2.0000,43860.0000,33664.0000,0.4200,0.1100,0.4700
Somalia,SOM,"SUB-SAHARAN AFRICA",8863338,637657,13.9000,0.4700,13636.0000,116.7000,500,37.8000,43901.0000,24473.0000,98.2900,1.0000,45.1300,16.6300,0.6500,0.1000,0.2500
"South Africa",ZAF,"SUB-SAHARAN AFRICA",44187637,1219912,36.2000,0.2300,-0.2900,61.8100,10700,86.4000,107.0000,44055.0000,87.1300,1.0000,43879.0000,22.0000,0.0250,0.3030,0.6710
Spain,ESP,"WESTERN EUROPE",40397842,504782,80.0000,0.9800,0.9900,15432.0000,22000,97.9000,453.5000,44038.0000,64.0600,3.0000,43992.0000,26543.0000,0.0400,0.2950,0.6650
"Sri Lanka",LKA,"ASIA (EX. NEAR EAST)",20222240,65610,308.2000,43923.0000,-1.3100,14.3500,3700,92.3000,61.5000,13.8600,70.4400,2.0000,15.5100,19146.0000,0.1780,0.2760,0.5450
Sudan,SDN,"SUB-SAHARAN AFRICA",41236378,2505810,16.5000,0.0300,-0.0200,62.5000,1900,61.1000,43906.0000,30468.0000,92.9900,2.0000,34.5300,35643.0000,0.3870,0.2030,0.4100
Suriname,SUR,"LATIN AMER. & CARIB",439117,163270,2.7000,0.2400,-8.8100,23.5700,4000,93.0000,184.7000,0.3700,99.5700,2.0000,43879.0000,46569.0000,0.1300,0.2200,0.6500
Swaziland,SWZ,"SUB-SAHARAN AFRICA",1136334,17363,65.5000,0.0000,0.0000,69.2700,4900,81.6000,44073.0000,13058.0000,88.9500,2.0000,27.4100,29.7400,0.1190,0.5150,0.3660
Sweden,SWE,"WESTERN EUROPE",9016596,449964,20.0000,0.7200,24473.0000,28157.0000,26800,99.0000,715.0000,19876.0000,93.4500,3.0000,46661.0000,11597.0000,0.0110,0.2820,0.7070
Switzerland,CHE,"WESTERN EUROPE",7523934,41290,182.2000,0.0000,43955.0000,14336.0000,32700,99.0000,680.9000,15615.0000,88.9700,3.0000,26177.0000,18111.0000,0.0150,0.3400,0.6450
Syria,SYR,"NEAR EAST",18881361,185180,102.0000,0.1000,0.0000,29.5300,3300,76.9000,153.8000,25.2200,70.3500,1.0000,27.7600,29677.0000,0.2490,0.2300,0.5190
Taiwan,TWN,"ASIA (EX. NEAR EAST)",23036087,35980,640.3000,12875.0000,0.0000,43927.0000,23400,96.1000,591.0000,24.0000,75.0000,2.0000,20790.0000,17685.0000,0.0180,0.2590,0.7230
Tajikistan,TJK,"C.W. OF IND. STATES",7320815,143100,51.2000,0.0000,-2.8600,110.7600,1000,99.4000,33.5000,22433.0000,92.4700,2.0000,32.6500,45870.0000,0.2340,0.2860,0.4800
Tanzania,TZA,"SUB-SAHARAN AFRICA",37445392,945087,39.6000,0.1500,-2.0600,98.5400,600,78.2000,4.0000,19085.0000,94.4000,NULL,37.7100,16.3900,0.4320,0.1720,0.3960
Thailand,THA,"ASIA (EX. NEAR EAST)",64631595,514000,125.7000,0.6300,0.0000,20.4800,7400,92.6000,108.9000,29.3600,64.1800,2.0000,13.8700,43928.0000,0.0990,0.4410,0.4600
Togo,TGO,"SUB-SAHARAN AFRICA",5548702,56785,97.7000,0.1000,0.0000,66.6100,1500,60.9000,43992.0000,46.1500,51.6400,2.0000,37.0100,30560.0000,0.3950,0.2040,0.4010
Tonga,TON,OCEANIA,114689,748,153.3000,56.0200,0.0000,22981.0000,2200,98.5000,97.7000,23.6100,33.3300,2.0000,25.3700,46874.0000,0.2300,0.2700,0.5000
"Trinidad & Tobago",TTO,"LATIN AMER. & CARIB",1065842,5128,207.9000,43989.0000,-10.8300,24.3100,9500,98.6000,303.5000,14.6200,76.2200,2.0000,44086.0000,21094.0000,0.0070,0.5700,0.4230
Tunisia,TUN,"NORTHERN AFRICA",10175014,163610,62.2000,0.7000,-0.5700,24.7700,6900,74.2000,123.6000,17.8600,68.4000,3.0000,15.5200,41395.0000,0.1320,0.3180,0.5500
Turkey,TUR,"NEAR EAST",70413958,780580,90.2000,0.9200,0.0000,41.0400,6700,86.5000,269.5000,30.9300,65.7600,3.0000,16.6200,35551.0000,0.1170,0.2980,0.5850
Turkmenistan,TKM,"C.W. OF IND. STATES",5042920,488100,10.3000,0.0000,-0.8600,73.0800,5800,98.0000,74.6000,26359.0000,96.1400,1.0000,27.6100,43990.0000,0.2090,0.3800,0.4110
"Turks & Caicos Is",TCA,"LATIN AMER. & CARIB",21152,430,49.2000,90.4700,25143.0000,15.6700,9600,98.0000,269.5000,12086.0000,97.6700,2.0000,21.8400,44287.0000,NULL,NULL,NULL
Tuvalu,TUV,OCEANIA,11810,26,454.2000,92.3100,0.0000,43910.0000,1100,NULL,59.3000,0.0000,100.0000,2.0000,22.1800,44142.0000,0.1660,0.2720,0.5620
Uganda,UGA,"SUB-SAHARAN AFRICA",28195754,236040,119.5000,0.0000,0.0000,67.8300,1400,69.9000,43985.0000,25.8800,63.4700,2.0000,47.3500,45627.0000,0.3110,0.2220,0.4690
Ukraine,UKR,"C.W. OF IND. STATES",46710816,603700,77.4000,0.4600,-0.3900,20.3400,5400,99.7000,259.9000,56.2100,42.1800,3.0000,30164.0000,14.3900,0.1870,0.4520,0.3610
"United Arab Emirates",ARE,"NEAR EAST",2602713,82880,31.4000,21551.0000,43891.0000,14.5100,23200,77.9000,475.3000,0.6000,97.1500,1.0000,18.9600,43925.0000,0.0400,0.5850,0.3750
"United Kingdom",GBR,"WESTERN EUROPE",60609153,244820,247.6000,44048.0000,43497.0000,42491.0000,27700,99.0000,543.5000,23.4600,76.3300,3.0000,26207.0000,41548.0000,0.0050,0.2370,0.7580
"United States",USA,"NORTHERN AMERICA",298444215,9631420,31.0000,0.2100,15036.0000,43957.0000,37800,97.0000,898.0000,19.1300,80.6500,3.0000,14.1400,46235.0000,0.0100,0.2040,0.7870
Uruguay,URY,"LATIN AMER. & CARIB",3431932,176220,19.5000,0.3700,-0.3200,35004.0000,12800,98.0000,291.4000,15888.0000,92.3400,3.0000,13.9100,43960.0000,0.0930,0.3110,0.5960
Uzbekistan,UZB,"C.W. OF IND. STATES",27307134,447400,61.0000,0.0000,-1.7200,71.1000,1700,99.3000,62.9000,30590.0000,88.3400,1.0000,26.3600,30864.0000,0.3420,0.2290,0.4300
Vanuatu,VUT,OCEANIA,208869,12200,17.1000,20.7200,0.0000,55.1600,2900,53.0000,32.6000,16834.0000,90.1600,2.0000,22.7200,30133.0000,0.2600,0.1200,0.6200
Venezuela,RB,"LATIN AMER. & CARIB",25730435,912050,28.2000,0.3100,-0.0400,43883.0000,4800,93.4000,140.1000,34731.0000,96.1300,2.0000,18.7100,33695.0000,0.0400,0.4190,0.5410
Vietnam,VNM,"ASIA (EX. NEAR EAST)",84402966,329560,256.1000,43952.0000,-0.4500,25.9500,2500,90.3000,187.7000,19.9700,74.0800,2.0000,16.8600,44713.0000,0.2090,0.4100,0.3810
"Virgin Islands",VIR,"LATIN AMER. & CARIB",108605,1910,56.9000,30926.0000,-8.9400,43898.0000,17200,NULL,652.8000,28065.0000,85.3000,2.0000,13.9600,15858.0000,0.0100,0.1900,0.8000
"Wallis and Futuna",WLF,OCEANIA,16025,274,58.5000,47.0800,NULL,NULL,3700,50.0000,118.6000,5.0000,70.0000,2.0000,NULL,NULL,NULL,NULL,NULL
"Western Sahara",ESH,"NORTHERN AFRICA",273008,266000,1.0000,0.4200,NULL,NULL,NULL,NULL,NULL,0.0200,99.9800,1.0000,NULL,NULL,NULL,NULL,0.4000
Yemen,YEM,"NEAR EAST",21456188,527970,40.6000,0.3600,0.0000,61.5000,800,50.2000,37.2000,28522.0000,96.9800,1.0000,42.8900,43898.0000,0.1350,0.4720,0.3930
Zambia,ZMB,"SUB-SAHARAN AFRICA",11502010,752614,15.3000,0.0000,0.0000,88.2900,800,80.6000,43869.0000,44050.0000,92.9000,2.0000,41.0000,19.9300,0.2200,0.2900,0.4890
Zimbabwe,ZWE,"SUB-SAHARAN AFRICA",12236805,390580,31.3000,0.0000,0.0000,67.6900,1900,90.7000,44069.0000,11902.0000,91.3400,2.0000,43858.0000,21.8400,0.1790,0.2430,0.5790
